{
  "臺東縣成功鎮": {
    "county": "臺東縣",
    "town": "成功鎮",
    "lat": 23.115365,
    "lng": 121.351372
  },
  "屏東縣佳冬鄉": {
    "county": "屏東縣",
    "town": "佳冬鄉",
    "lat": 22.428868,
    "lng": 120.551456
  },
  "雲林縣麥寮鄉": {
    "county": "雲林縣",
    "town": "麥寮鄉",
    "lat": 23.785292,
    "lng": 120.243218
  },
  "臺東縣綠島鄉": {
    "county": "臺東縣",
    "town": "綠島鄉",
    "lat": 22.657135,
    "lng": 121.49332
  },
  "臺東縣蘭嶼鄉": {
    "county": "臺東縣",
    "town": "蘭嶼鄉",
    "lat": 22.032934,
    "lng": 121.558707
  },
  "彰化縣田中鎮": {
    "county": "彰化縣",
    "town": "田中鎮",
    "lat": 23.859352,
    "lng": 120.595218
  },
  "彰化縣社頭鄉": {
    "county": "彰化縣",
    "town": "社頭鄉",
    "lat": 23.903442,
    "lng": 120.608721
  },
  "屏東縣竹田鄉": {
    "county": "屏東縣",
    "town": "竹田鄉",
    "lat": 22.588607,
    "lng": 120.524349
  },
  "屏東縣萬丹鄉": {
    "county": "屏東縣",
    "town": "萬丹鄉",
    "lat": 22.583168,
    "lng": 120.482011
  },
  "苗栗縣三灣鄉": {
    "county": "苗栗縣",
    "town": "三灣鄉",
    "lat": 24.633995,
    "lng": 120.953597
  },
  "新竹縣峨眉鄉": {
    "county": "新竹縣",
    "town": "峨眉鄉",
    "lat": 24.679426,
    "lng": 121.010055
  },
  "苗栗縣南庄鄉": {
    "county": "苗栗縣",
    "town": "南庄鄉",
    "lat": 24.573109,
    "lng": 121.012327
  },
  "嘉義縣太保市": {
    "county": "嘉義縣",
    "town": "太保市",
    "lat": 23.477058,
    "lng": 120.354466
  },
  "嘉義縣中埔鄉": {
    "county": "嘉義縣",
    "town": "中埔鄉",
    "lat": 23.400898,
    "lng": 120.519241
  },
  "嘉義縣番路鄉": {
    "county": "嘉義縣",
    "town": "番路鄉",
    "lat": 23.436535,
    "lng": 120.591669
  },
  "嘉義縣水上鄉": {
    "county": "嘉義縣",
    "town": "水上鄉",
    "lat": 23.422977,
    "lng": 120.432228
  },
  "彰化縣員林市": {
    "county": "彰化縣",
    "town": "員林市",
    "lat": 23.959014,
    "lng": 120.598976
  },
  "高雄市小港區": {
    "county": "高雄市",
    "town": "小港區",
    "lat": 22.554614,
    "lng": 120.37014
  },
  "宜蘭縣蘇澳鎮": {
    "county": "宜蘭縣",
    "town": "蘇澳鎮",
    "lat": 24.54526,
    "lng": 121.835206
  },
  "宜蘭縣五結鄉": {
    "county": "宜蘭縣",
    "town": "五結鄉",
    "lat": 24.686869,
    "lng": 121.799071
  },
  "宜蘭縣宜蘭市": {
    "county": "宜蘭縣",
    "town": "宜蘭市",
    "lat": 24.753447,
    "lng": 121.756565
  },
  "宜蘭縣壯圍鄉": {
    "county": "宜蘭縣",
    "town": "壯圍鄉",
    "lat": 24.758123,
    "lng": 121.796642
  },
  "連江縣南竿鄉": {
    "county": "連江縣",
    "town": "南竿鄉",
    "lat": 26.157581,
    "lng": 119.936671
  },
  "連江縣莒光鄉": {
    "county": "連江縣",
    "town": "莒光鄉",
    "lat": 25.967629,
    "lng": 119.959445
  },
  "金門縣金寧鄉": {
    "county": "金門縣",
    "town": "金寧鄉",
    "lat": 24.452937,
    "lng": 118.328669
  },
  "金門縣烏坵鄉": {
    "county": "金門縣",
    "town": "烏坵鄉",
    "lat": 24.988131,
    "lng": 119.460541
  },
  "宜蘭縣羅東鎮": {
    "county": "宜蘭縣",
    "town": "羅東鎮",
    "lat": 24.67789,
    "lng": 121.770253
  },
  "宜蘭縣員山鄉": {
    "county": "宜蘭縣",
    "town": "員山鄉",
    "lat": 24.740287,
    "lng": 121.666439
  },
  "宜蘭縣冬山鄉": {
    "county": "宜蘭縣",
    "town": "冬山鄉",
    "lat": 24.645122,
    "lng": 121.754215
  },
  "宜蘭縣三星鄉": {
    "county": "宜蘭縣",
    "town": "三星鄉",
    "lat": 24.664854,
    "lng": 121.670844
  },
  "宜蘭縣大同鄉": {
    "county": "宜蘭縣",
    "town": "大同鄉",
    "lat": 24.553384,
    "lng": 121.539189
  },
  "新竹縣竹東鎮": {
    "county": "新竹縣",
    "town": "竹東鎮",
    "lat": 24.723947,
    "lng": 121.073933
  },
  "新竹縣新埔鎮": {
    "county": "新竹縣",
    "town": "新埔鎮",
    "lat": 24.841404,
    "lng": 121.096789
  },
  "新竹縣關西鎮": {
    "county": "新竹縣",
    "town": "關西鎮",
    "lat": 24.78752,
    "lng": 121.186244
  },
  "新竹縣湖口鄉": {
    "county": "新竹縣",
    "town": "湖口鄉",
    "lat": 24.886389,
    "lng": 121.060227
  },
  "新竹縣芎林鄉": {
    "county": "新竹縣",
    "town": "芎林鄉",
    "lat": 24.770917,
    "lng": 121.102334
  },
  "新竹縣橫山鄉": {
    "county": "新竹縣",
    "town": "橫山鄉",
    "lat": 24.711642,
    "lng": 121.150589
  },
  "新竹縣北埔鄉": {
    "county": "新竹縣",
    "town": "北埔鄉",
    "lat": 24.676168,
    "lng": 121.061174
  },
  "新竹縣尖石鄉": {
    "county": "新竹縣",
    "town": "尖石鄉",
    "lat": 24.60002,
    "lng": 121.27897
  },
  "新竹縣五峰鄉": {
    "county": "新竹縣",
    "town": "五峰鄉",
    "lat": 24.579249,
    "lng": 121.137473
  },
  "臺中市龍井區": {
    "county": "臺中市",
    "town": "龍井區",
    "lat": 24.198715,
    "lng": 120.540425
  },
  "臺中市大雅區": {
    "county": "臺中市",
    "town": "大雅區",
    "lat": 24.226885,
    "lng": 120.645841
  },
  "臺中市沙鹿區": {
    "county": "臺中市",
    "town": "沙鹿區",
    "lat": 24.231531,
    "lng": 120.582453
  },
  "臺中市梧棲區": {
    "county": "臺中市",
    "town": "梧棲區",
    "lat": 24.247799,
    "lng": 120.529159
  },
  "澎湖縣湖西鄉": {
    "county": "澎湖縣",
    "town": "湖西鄉",
    "lat": 23.582974,
    "lng": 119.644502
  },
  "苗栗縣苗栗市": {
    "county": "苗栗縣",
    "town": "苗栗市",
    "lat": 24.558748,
    "lng": 120.803726
  },
  "苗栗縣卓蘭鎮": {
    "county": "苗栗縣",
    "town": "卓蘭鎮",
    "lat": 24.334219,
    "lng": 120.84615
  },
  "苗栗縣大湖鄉": {
    "county": "苗栗縣",
    "town": "大湖鄉",
    "lat": 24.384583,
    "lng": 120.848681
  },
  "苗栗縣公館鄉": {
    "county": "苗栗縣",
    "town": "公館鄉",
    "lat": 24.501578,
    "lng": 120.854881
  },
  "苗栗縣銅鑼鄉": {
    "county": "苗栗縣",
    "town": "銅鑼鄉",
    "lat": 24.458568,
    "lng": 120.80056
  },
  "苗栗縣頭屋鄉": {
    "county": "苗栗縣",
    "town": "頭屋鄉",
    "lat": 24.576004,
    "lng": 120.883734
  },
  "苗栗縣三義鄉": {
    "county": "苗栗縣",
    "town": "三義鄉",
    "lat": 24.378981,
    "lng": 120.772725
  },
  "苗栗縣西湖鄉": {
    "county": "苗栗縣",
    "town": "西湖鄉",
    "lat": 24.538002,
    "lng": 120.761024
  },
  "苗栗縣造橋鄉": {
    "county": "苗栗縣",
    "town": "造橋鄉",
    "lat": 24.618922,
    "lng": 120.882825
  },
  "苗栗縣獅潭鄉": {
    "county": "苗栗縣",
    "town": "獅潭鄉",
    "lat": 24.522445,
    "lng": 120.922507
  },
  "苗栗縣泰安鄉": {
    "county": "苗栗縣",
    "town": "泰安鄉",
    "lat": 24.415733,
    "lng": 121.059302
  },
  "彰化縣彰化市": {
    "county": "彰化縣",
    "town": "彰化市",
    "lat": 24.072242,
    "lng": 120.562039
  },
  "彰化縣和美鎮": {
    "county": "彰化縣",
    "town": "和美鎮",
    "lat": 24.111796,
    "lng": 120.5077
  },
  "彰化縣線西鄉": {
    "county": "彰化縣",
    "town": "線西鄉",
    "lat": 24.132741,
    "lng": 120.44796
  },
  "彰化縣伸港鄉": {
    "county": "彰化縣",
    "town": "伸港鄉",
    "lat": 24.162952,
    "lng": 120.473256
  },
  "彰化縣秀水鄉": {
    "county": "彰化縣",
    "town": "秀水鄉",
    "lat": 24.030522,
    "lng": 120.504595
  },
  "彰化縣花壇鄉": {
    "county": "彰化縣",
    "town": "花壇鄉",
    "lat": 24.032618,
    "lng": 120.561187
  },
  "彰化縣芬園鄉": {
    "county": "彰化縣",
    "town": "芬園鄉",
    "lat": 24.000658,
    "lng": 120.628253
  },
  "彰化縣溪湖鎮": {
    "county": "彰化縣",
    "town": "溪湖鎮",
    "lat": 23.954045,
    "lng": 120.486883
  },
  "嘉義縣東石鄉": {
    "county": "嘉義縣",
    "town": "東石鄉",
    "lat": 23.45743,
    "lng": 120.172086
  },
  "彰化縣大村鄉": {
    "county": "彰化縣",
    "town": "大村鄉",
    "lat": 23.992135,
    "lng": 120.561224
  },
  "彰化縣埔鹽鄉": {
    "county": "彰化縣",
    "town": "埔鹽鄉",
    "lat": 23.991134,
    "lng": 120.462249
  },
  "彰化縣埔心鄉": {
    "county": "彰化縣",
    "town": "埔心鄉",
    "lat": 23.95587,
    "lng": 120.529694
  },
  "彰化縣永靖鄉": {
    "county": "彰化縣",
    "town": "永靖鄉",
    "lat": 23.923109,
    "lng": 120.535222
  },
  "彰化縣二水鄉": {
    "county": "彰化縣",
    "town": "二水鄉",
    "lat": 23.820293,
    "lng": 120.630195
  },
  "彰化縣二林鎮": {
    "county": "彰化縣",
    "town": "二林鎮",
    "lat": 23.911013,
    "lng": 120.400535
  },
  "彰化縣埤頭鄉": {
    "county": "彰化縣",
    "town": "埤頭鄉",
    "lat": 23.877132,
    "lng": 120.467497
  },
  "彰化縣芳苑鄉": {
    "county": "彰化縣",
    "town": "芳苑鄉",
    "lat": 23.947228,
    "lng": 120.347186
  },
  "彰化縣大城鄉": {
    "county": "彰化縣",
    "town": "大城鄉",
    "lat": 23.87048,
    "lng": 120.307126
  },
  "彰化縣竹塘鄉": {
    "county": "彰化縣",
    "town": "竹塘鄉",
    "lat": 23.857246,
    "lng": 120.410465
  },
  "彰化縣溪州鄉": {
    "county": "彰化縣",
    "town": "溪州鄉",
    "lat": 23.834562,
    "lng": 120.523115
  },
  "南投縣南投市": {
    "county": "南投縣",
    "town": "南投市",
    "lat": 23.92276,
    "lng": 120.67576
  },
  "南投縣埔里鎮": {
    "county": "南投縣",
    "town": "埔里鎮",
    "lat": 23.966903,
    "lng": 120.968288
  },
  "南投縣草屯鎮": {
    "county": "南投縣",
    "town": "草屯鎮",
    "lat": 23.978181,
    "lng": 120.737561
  },
  "南投縣竹山鎮": {
    "county": "南投縣",
    "town": "竹山鎮",
    "lat": 23.697732,
    "lng": 120.715419
  },
  "南投縣集集鎮": {
    "county": "南投縣",
    "town": "集集鎮",
    "lat": 23.842817,
    "lng": 120.785434
  },
  "南投縣名間鄉": {
    "county": "南投縣",
    "town": "名間鄉",
    "lat": 23.84846,
    "lng": 120.662268
  },
  "南投縣鹿谷鄉": {
    "county": "南投縣",
    "town": "鹿谷鄉",
    "lat": 23.741292,
    "lng": 120.774753
  },
  "南投縣中寮鄉": {
    "county": "南投縣",
    "town": "中寮鄉",
    "lat": 23.910111,
    "lng": 120.781822
  },
  "南投縣魚池鄉": {
    "county": "南投縣",
    "town": "魚池鄉",
    "lat": 23.87789,
    "lng": 120.921729
  },
  "南投縣國姓鄉": {
    "county": "南投縣",
    "town": "國姓鄉",
    "lat": 24.047057,
    "lng": 120.849975
  },
  "南投縣水里鄉": {
    "county": "南投縣",
    "town": "水里鄉",
    "lat": 23.808474,
    "lng": 120.867507
  },
  "南投縣信義鄉": {
    "county": "南投縣",
    "town": "信義鄉",
    "lat": 23.656126,
    "lng": 121.021163
  },
  "南投縣仁愛鄉": {
    "county": "南投縣",
    "town": "仁愛鄉",
    "lat": 24.021189,
    "lng": 121.130452
  },
  "雲林縣斗六市": {
    "county": "雲林縣",
    "town": "斗六市",
    "lat": 23.699892,
    "lng": 120.571829
  },
  "雲林縣斗南鎮": {
    "county": "雲林縣",
    "town": "斗南鎮",
    "lat": 23.671929,
    "lng": 120.482861
  },
  "雲林縣虎尾鎮": {
    "county": "雲林縣",
    "town": "虎尾鎮",
    "lat": 23.713535,
    "lng": 120.431709
  },
  "雲林縣西螺鎮": {
    "county": "雲林縣",
    "town": "西螺鎮",
    "lat": 23.777393,
    "lng": 120.452942
  },
  "雲林縣土庫鎮": {
    "county": "雲林縣",
    "town": "土庫鎮",
    "lat": 23.702033,
    "lng": 120.361781
  },
  "雲林縣北港鎮": {
    "county": "雲林縣",
    "town": "北港鎮",
    "lat": 23.589972,
    "lng": 120.289953
  },
  "雲林縣古坑鄉": {
    "county": "雲林縣",
    "town": "古坑鄉",
    "lat": 23.625994,
    "lng": 120.618581
  },
  "雲林縣大埤鄉": {
    "county": "雲林縣",
    "town": "大埤鄉",
    "lat": 23.643003,
    "lng": 120.427343
  },
  "雲林縣莿桐鄉": {
    "county": "雲林縣",
    "town": "莿桐鄉",
    "lat": 23.766454,
    "lng": 120.534967
  },
  "雲林縣林內鄉": {
    "county": "雲林縣",
    "town": "林內鄉",
    "lat": 23.746263,
    "lng": 120.612963
  },
  "雲林縣二崙鄉": {
    "county": "雲林縣",
    "town": "二崙鄉",
    "lat": 23.783858,
    "lng": 120.399016
  },
  "雲林縣崙背鄉": {
    "county": "雲林縣",
    "town": "崙背鄉",
    "lat": 23.769062,
    "lng": 120.334865
  },
  "雲林縣東勢鄉": {
    "county": "雲林縣",
    "town": "東勢鄉",
    "lat": 23.69966,
    "lng": 120.261514
  },
  "雲林縣褒忠鄉": {
    "county": "雲林縣",
    "town": "褒忠鄉",
    "lat": 23.714191,
    "lng": 120.309172
  },
  "雲林縣元長鄉": {
    "county": "雲林縣",
    "town": "元長鄉",
    "lat": 23.643913,
    "lng": 120.32489
  },
  "雲林縣水林鄉": {
    "county": "雲林縣",
    "town": "水林鄉",
    "lat": 23.563349,
    "lng": 120.236763
  },
  "嘉義縣朴子市": {
    "county": "嘉義縣",
    "town": "朴子市",
    "lat": 23.441659,
    "lng": 120.253428
  },
  "嘉義縣大林鎮": {
    "county": "嘉義縣",
    "town": "大林鎮",
    "lat": 23.595684,
    "lng": 120.478443
  },
  "嘉義縣民雄鄉": {
    "county": "嘉義縣",
    "town": "民雄鄉",
    "lat": 23.540337,
    "lng": 120.451897
  },
  "嘉義縣溪口鄉": {
    "county": "嘉義縣",
    "town": "溪口鄉",
    "lat": 23.593324,
    "lng": 120.404453
  },
  "嘉義縣新港鄉": {
    "county": "嘉義縣",
    "town": "新港鄉",
    "lat": 23.543767,
    "lng": 120.354013
  },
  "嘉義縣六腳鄉": {
    "county": "嘉義縣",
    "town": "六腳鄉",
    "lat": 23.50831,
    "lng": 120.265282
  },
  "嘉義縣義竹鄉": {
    "county": "嘉義縣",
    "town": "義竹鄉",
    "lat": 23.34722,
    "lng": 120.228245
  },
  "嘉義縣鹿草鄉": {
    "county": "嘉義縣",
    "town": "鹿草鄉",
    "lat": 23.41436,
    "lng": 120.301387
  },
  "嘉義縣竹崎鄉": {
    "county": "嘉義縣",
    "town": "竹崎鄉",
    "lat": 23.502646,
    "lng": 120.591968
  },
  "嘉義縣梅山鄉": {
    "county": "嘉義縣",
    "town": "梅山鄉",
    "lat": 23.556736,
    "lng": 120.623302
  },
  "嘉義縣大埔鄉": {
    "county": "嘉義縣",
    "town": "大埔鄉",
    "lat": 23.288387,
    "lng": 120.595642
  },
  "嘉義縣阿里山鄉": {
    "county": "嘉義縣",
    "town": "阿里山鄉",
    "lat": 23.441322,
    "lng": 120.77623
  },
  "屏東縣屏東市": {
    "county": "屏東縣",
    "town": "屏東市",
    "lat": 22.666038,
    "lng": 120.487866
  },
  "屏東縣潮州鎮": {
    "county": "屏東縣",
    "town": "潮州鎮",
    "lat": 22.541624,
    "lng": 120.547841
  },
  "屏東縣長治鄉": {
    "county": "屏東縣",
    "town": "長治鄉",
    "lat": 22.689273,
    "lng": 120.548755
  },
  "屏東縣麟洛鄉": {
    "county": "屏東縣",
    "town": "麟洛鄉",
    "lat": 22.649241,
    "lng": 120.528236
  },
  "屏東縣九如鄉": {
    "county": "屏東縣",
    "town": "九如鄉",
    "lat": 22.730463,
    "lng": 120.491084
  },
  "屏東縣里港鄉": {
    "county": "屏東縣",
    "town": "里港鄉",
    "lat": 22.799535,
    "lng": 120.509194
  },
  "屏東縣鹽埔鄉": {
    "county": "屏東縣",
    "town": "鹽埔鄉",
    "lat": 22.739878,
    "lng": 120.563237
  },
  "屏東縣高樹鄉": {
    "county": "屏東縣",
    "town": "高樹鄉",
    "lat": 22.799917,
    "lng": 120.612952
  },
  "屏東縣萬巒鄉": {
    "county": "屏東縣",
    "town": "萬巒鄉",
    "lat": 22.583178,
    "lng": 120.608511
  },
  "屏東縣內埔鄉": {
    "county": "屏東縣",
    "town": "內埔鄉",
    "lat": 22.641702,
    "lng": 120.594724
  },
  "屏東縣新埤鄉": {
    "county": "屏東縣",
    "town": "新埤鄉",
    "lat": 22.478664,
    "lng": 120.594998
  },
  "屏東縣崁頂鄉": {
    "county": "屏東縣",
    "town": "崁頂鄉",
    "lat": 22.514867,
    "lng": 120.501301
  },
  "屏東縣南州鄉": {
    "county": "屏東縣",
    "town": "南州鄉",
    "lat": 22.480309,
    "lng": 120.518043
  },
  "屏東縣琉球鄉": {
    "county": "屏東縣",
    "town": "琉球鄉",
    "lat": 22.339956,
    "lng": 120.370615
  },
  "屏東縣三地門鄉": {
    "county": "屏東縣",
    "town": "三地門鄉",
    "lat": 22.789081,
    "lng": 120.682774
  },
  "屏東縣霧臺鄉": {
    "county": "屏東縣",
    "town": "霧臺鄉",
    "lat": 22.753036,
    "lng": 120.796235
  },
  "屏東縣瑪家鄉": {
    "county": "屏東縣",
    "town": "瑪家鄉",
    "lat": 22.668735,
    "lng": 120.675234
  },
  "屏東縣泰武鄉": {
    "county": "屏東縣",
    "town": "泰武鄉",
    "lat": 22.594503,
    "lng": 120.668704
  },
  "屏東縣來義鄉": {
    "county": "屏東縣",
    "town": "來義鄉",
    "lat": 22.495059,
    "lng": 120.667594
  },
  "屏東縣春日鄉": {
    "county": "屏東縣",
    "town": "春日鄉",
    "lat": 22.402623,
    "lng": 120.685106
  },
  "屏東縣獅子鄉": {
    "county": "屏東縣",
    "town": "獅子鄉",
    "lat": 22.25248,
    "lng": 120.736653
  },
  "臺東縣鹿野鄉": {
    "county": "臺東縣",
    "town": "鹿野鄉",
    "lat": 22.953073,
    "lng": 121.15844
  },
  "臺東縣池上鄉": {
    "county": "臺東縣",
    "town": "池上鄉",
    "lat": 23.092068,
    "lng": 121.213869
  },
  "臺東縣延平鄉": {
    "county": "臺東縣",
    "town": "延平鄉",
    "lat": 22.902982,
    "lng": 121.006854
  },
  "花蓮縣光復鄉": {
    "county": "花蓮縣",
    "town": "光復鄉",
    "lat": 23.651041,
    "lng": 121.443503
  },
  "花蓮縣瑞穗鄉": {
    "county": "花蓮縣",
    "town": "瑞穗鄉",
    "lat": 23.517814,
    "lng": 121.405707
  },
  "花蓮縣富里鄉": {
    "county": "花蓮縣",
    "town": "富里鄉",
    "lat": 23.199819,
    "lng": 121.299779
  },
  "澎湖縣馬公市": {
    "county": "澎湖縣",
    "town": "馬公市",
    "lat": 23.542405,
    "lng": 119.575605
  },
  "澎湖縣白沙鄉": {
    "county": "澎湖縣",
    "town": "白沙鄉",
    "lat": 23.677427,
    "lng": 119.600982
  },
  "澎湖縣西嶼鄉": {
    "county": "澎湖縣",
    "town": "西嶼鄉",
    "lat": 23.60746,
    "lng": 119.509443
  },
  "澎湖縣望安鄉": {
    "county": "澎湖縣",
    "town": "望安鄉",
    "lat": 23.336692,
    "lng": 119.517868
  },
  "澎湖縣七美鄉": {
    "county": "澎湖縣",
    "town": "七美鄉",
    "lat": 23.20499,
    "lng": 119.426663
  },
  "基隆市暖暖區": {
    "county": "基隆市",
    "town": "暖暖區",
    "lat": 25.086216,
    "lng": 121.743878
  },
  "臺北市大安區": {
    "county": "臺北市",
    "town": "大安區",
    "lat": 25.026843,
    "lng": 121.546874
  },
  "臺北市文山區": {
    "county": "臺北市",
    "town": "文山區",
    "lat": 24.995642,
    "lng": 121.574177
  },
  "高雄市鹽埕區": {
    "county": "高雄市",
    "town": "鹽埕區",
    "lat": 22.624659,
    "lng": 120.284488
  },
  "高雄市新興區": {
    "county": "高雄市",
    "town": "新興區",
    "lat": 22.630303,
    "lng": 120.307958
  },
  "高雄市前金區": {
    "county": "高雄市",
    "town": "前金區",
    "lat": 22.625489,
    "lng": 120.294316
  },
  "高雄市前鎮區": {
    "county": "高雄市",
    "town": "前鎮區",
    "lat": 22.586927,
    "lng": 120.315793
  },
  "宜蘭縣頭城鎮": {
    "county": "宜蘭縣",
    "town": "頭城鎮",
    "lat": 24.905057,
    "lng": 121.859401
  },
  "宜蘭縣南澳鄉": {
    "county": "宜蘭縣",
    "town": "南澳鄉",
    "lat": 24.453492,
    "lng": 121.663461
  },
  "新竹縣竹北市": {
    "county": "新竹縣",
    "town": "竹北市",
    "lat": 24.833879,
    "lng": 121.005342
  },
  "新竹縣新豐鄉": {
    "county": "新竹縣",
    "town": "新豐鄉",
    "lat": 24.909558,
    "lng": 121.00088
  },
  "苗栗縣苑裡鎮": {
    "county": "苗栗縣",
    "town": "苑裡鎮",
    "lat": 24.414928,
    "lng": 120.689982
  },
  "苗栗縣通霄鎮": {
    "county": "苗栗縣",
    "town": "通霄鎮",
    "lat": 24.484011,
    "lng": 120.719348
  },
  "苗栗縣竹南鎮": {
    "county": "苗栗縣",
    "town": "竹南鎮",
    "lat": 24.697382,
    "lng": 120.885903
  },
  "苗栗縣後龍鎮": {
    "county": "苗栗縣",
    "town": "後龍鎮",
    "lat": 24.606866,
    "lng": 120.781599
  },
  "彰化縣鹿港鎮": {
    "county": "彰化縣",
    "town": "鹿港鎮",
    "lat": 24.075748,
    "lng": 120.431393
  },
  "彰化縣福興鄉": {
    "county": "彰化縣",
    "town": "福興鄉",
    "lat": 24.030573,
    "lng": 120.439019
  },
  "雲林縣臺西鄉": {
    "county": "雲林縣",
    "town": "臺西鄉",
    "lat": 23.710543,
    "lng": 120.203169
  },
  "雲林縣四湖鄉": {
    "county": "雲林縣",
    "town": "四湖鄉",
    "lat": 23.640125,
    "lng": 120.202565
  },
  "雲林縣口湖鄉": {
    "county": "雲林縣",
    "town": "口湖鄉",
    "lat": 23.524654,
    "lng": 120.097452
  },
  "嘉義縣布袋鎮": {
    "county": "嘉義縣",
    "town": "布袋鎮",
    "lat": 23.393185,
    "lng": 120.190025
  },
  "屏東縣東港鎮": {
    "county": "屏東縣",
    "town": "東港鎮",
    "lat": 22.465407,
    "lng": 120.480288
  },
  "屏東縣枋寮鄉": {
    "county": "屏東縣",
    "town": "枋寮鄉",
    "lat": 22.395791,
    "lng": 120.606209
  },
  "屏東縣新園鄉": {
    "county": "屏東縣",
    "town": "新園鄉",
    "lat": 22.521254,
    "lng": 120.456615
  },
  "屏東縣林邊鄉": {
    "county": "屏東縣",
    "town": "林邊鄉",
    "lat": 22.447691,
    "lng": 120.513163
  },
  "屏東縣車城鄉": {
    "county": "屏東縣",
    "town": "車城鄉",
    "lat": 22.077169,
    "lng": 120.731073
  },
  "屏東縣滿州鄉": {
    "county": "屏東縣",
    "town": "滿州鄉",
    "lat": 22.055815,
    "lng": 120.836451
  },
  "屏東縣枋山鄉": {
    "county": "屏東縣",
    "town": "枋山鄉",
    "lat": 22.249199,
    "lng": 120.667447
  },
  "屏東縣牡丹鄉": {
    "county": "屏東縣",
    "town": "牡丹鄉",
    "lat": 22.155646,
    "lng": 120.822593
  },
  "臺東縣臺東市": {
    "county": "臺東縣",
    "town": "臺東市",
    "lat": 22.762801,
    "lng": 121.113429
  },
  "臺東縣卑南鄉": {
    "county": "臺東縣",
    "town": "卑南鄉",
    "lat": 22.757571,
    "lng": 120.99669
  },
  "臺東縣東河鄉": {
    "county": "臺東縣",
    "town": "東河鄉",
    "lat": 22.977412,
    "lng": 121.250187
  },
  "花蓮縣吉安鄉": {
    "county": "花蓮縣",
    "town": "吉安鄉",
    "lat": 23.961897,
    "lng": 121.565469
  },
  "花蓮縣壽豐鄉": {
    "county": "花蓮縣",
    "town": "壽豐鄉",
    "lat": 23.840989,
    "lng": 121.532645
  },
  "花蓮縣秀林鄉": {
    "county": "花蓮縣",
    "town": "秀林鄉",
    "lat": 24.134154,
    "lng": 121.489323
  },
  "高雄市楠梓區": {
    "county": "高雄市",
    "town": "楠梓區",
    "lat": 22.723949,
    "lng": 120.30416
  },
  "高雄市鳳山區": {
    "county": "高雄市",
    "town": "鳳山區",
    "lat": 22.610643,
    "lng": 120.353508
  },
  "高雄市大寮區": {
    "county": "高雄市",
    "town": "大寮區",
    "lat": 22.579222,
    "lng": 120.396786
  },
  "高雄市大樹區": {
    "county": "高雄市",
    "town": "大樹區",
    "lat": 22.713722,
    "lng": 120.417525
  },
  "高雄市大社區": {
    "county": "高雄市",
    "town": "大社區",
    "lat": 22.741153,
    "lng": 120.371689
  },
  "高雄市仁武區": {
    "county": "高雄市",
    "town": "仁武區",
    "lat": 22.703679,
    "lng": 120.360592
  },
  "高雄市鳥松區": {
    "county": "高雄市",
    "town": "鳥松區",
    "lat": 22.663678,
    "lng": 120.372182
  },
  "高雄市岡山區": {
    "county": "高雄市",
    "town": "岡山區",
    "lat": 22.805285,
    "lng": 120.3012
  },
  "高雄市橋頭區": {
    "county": "高雄市",
    "town": "橋頭區",
    "lat": 22.750398,
    "lng": 120.29828
  },
  "高雄市燕巢區": {
    "county": "高雄市",
    "town": "燕巢區",
    "lat": 22.787226,
    "lng": 120.367929
  },
  "高雄市田寮區": {
    "county": "高雄市",
    "town": "田寮區",
    "lat": 22.8692,
    "lng": 120.39269
  },
  "高雄市阿蓮區": {
    "county": "高雄市",
    "town": "阿蓮區",
    "lat": 22.870339,
    "lng": 120.32049
  },
  "高雄市路竹區": {
    "county": "高雄市",
    "town": "路竹區",
    "lat": 22.859127,
    "lng": 120.266046
  },
  "高雄市湖內區": {
    "county": "高雄市",
    "town": "湖內區",
    "lat": 22.891764,
    "lng": 120.224389
  },
  "高雄市旗山區": {
    "county": "高雄市",
    "town": "旗山區",
    "lat": 22.877334,
    "lng": 120.477107
  },
  "高雄市美濃區": {
    "county": "高雄市",
    "town": "美濃區",
    "lat": 22.906768,
    "lng": 120.564658
  },
  "高雄市六龜區": {
    "county": "高雄市",
    "town": "六龜區",
    "lat": 23.01546,
    "lng": 120.659942
  },
  "高雄市甲仙區": {
    "county": "高雄市",
    "town": "甲仙區",
    "lat": 23.114316,
    "lng": 120.619326
  },
  "高雄市杉林區": {
    "county": "高雄市",
    "town": "杉林區",
    "lat": 22.993838,
    "lng": 120.555403
  },
  "高雄市內門區": {
    "county": "高雄市",
    "town": "內門區",
    "lat": 22.951892,
    "lng": 120.469663
  },
  "高雄市茂林區": {
    "county": "高雄市",
    "town": "茂林區",
    "lat": 22.911384,
    "lng": 120.763867
  },
  "高雄市桃源區": {
    "county": "高雄市",
    "town": "桃源區",
    "lat": 23.222196,
    "lng": 120.844361
  },
  "高雄市那瑪夏區": {
    "county": "高雄市",
    "town": "那瑪夏區",
    "lat": 23.277711,
    "lng": 120.726344
  },
  "新北市永和區": {
    "county": "新北市",
    "town": "永和區",
    "lat": 25.013513,
    "lng": 121.515028
  },
  "新北市新店區": {
    "county": "新北市",
    "town": "新店區",
    "lat": 24.930194,
    "lng": 121.532843
  },
  "新北市土城區": {
    "county": "新北市",
    "town": "土城區",
    "lat": 24.96641,
    "lng": 121.448583
  },
  "新北市蘆洲區": {
    "county": "新北市",
    "town": "蘆洲區",
    "lat": 25.096098,
    "lng": 121.47594
  },
  "新北市五股區": {
    "county": "新北市",
    "town": "五股區",
    "lat": 25.094801,
    "lng": 121.433814
  },
  "新北市坪林區": {
    "county": "新北市",
    "town": "坪林區",
    "lat": 24.908914,
    "lng": 121.726817
  },
  "新北市平溪區": {
    "county": "新北市",
    "town": "平溪區",
    "lat": 25.022611,
    "lng": 121.757365
  },
  "新北市烏來區": {
    "county": "新北市",
    "town": "烏來區",
    "lat": 24.793034,
    "lng": 121.56354
  },
  "臺中市豐原區": {
    "county": "臺中市",
    "town": "豐原區",
    "lat": 24.243531,
    "lng": 120.736599
  },
  "臺中市東勢區": {
    "county": "臺中市",
    "town": "東勢區",
    "lat": 24.254962,
    "lng": 120.838902
  },
  "臺中市后里區": {
    "county": "臺中市",
    "town": "后里區",
    "lat": 24.315585,
    "lng": 120.719105
  },
  "臺中市神岡區": {
    "county": "臺中市",
    "town": "神岡區",
    "lat": 24.256672,
    "lng": 120.674946
  },
  "臺中市新社區": {
    "county": "臺中市",
    "town": "新社區",
    "lat": 24.165618,
    "lng": 120.826953
  },
  "臺中市石岡區": {
    "county": "臺中市",
    "town": "石岡區",
    "lat": 24.258888,
    "lng": 120.790058
  },
  "臺中市外埔區": {
    "county": "臺中市",
    "town": "外埔區",
    "lat": 24.33514,
    "lng": 120.665663
  },
  "臺中市大肚區": {
    "county": "臺中市",
    "town": "大肚區",
    "lat": 24.148742,
    "lng": 120.558177
  },
  "臺中市和平區": {
    "county": "臺中市",
    "town": "和平區",
    "lat": 24.274267,
    "lng": 121.136557
  },
  "臺南市新營區": {
    "county": "臺南市",
    "town": "新營區",
    "lat": 23.309858,
    "lng": 120.298955
  },
  "臺南市鹽水區": {
    "county": "臺南市",
    "town": "鹽水區",
    "lat": 23.297108,
    "lng": 120.248586
  },
  "臺南市白河區": {
    "county": "臺南市",
    "town": "白河區",
    "lat": 23.35258,
    "lng": 120.459562
  },
  "臺南市後壁區": {
    "county": "臺南市",
    "town": "後壁區",
    "lat": 23.35427,
    "lng": 120.346741
  },
  "臺南市麻豆區": {
    "county": "臺南市",
    "town": "麻豆區",
    "lat": 23.1857,
    "lng": 120.237656
  },
  "臺南市下營區": {
    "county": "臺南市",
    "town": "下營區",
    "lat": 23.233007,
    "lng": 120.272199
  },
  "臺南市六甲區": {
    "county": "臺南市",
    "town": "六甲區",
    "lat": 23.228266,
    "lng": 120.378036
  },
  "臺南市官田區": {
    "county": "臺南市",
    "town": "官田區",
    "lat": 23.193931,
    "lng": 120.356194
  },
  "臺南市大內區": {
    "county": "臺南市",
    "town": "大內區",
    "lat": 23.150687,
    "lng": 120.404239
  },
  "臺南市佳里區": {
    "county": "臺南市",
    "town": "佳里區",
    "lat": 23.169681,
    "lng": 120.17647
  },
  "臺南市學甲區": {
    "county": "臺南市",
    "town": "學甲區",
    "lat": 23.259442,
    "lng": 120.186031
  },
  "臺南市西港區": {
    "county": "臺南市",
    "town": "西港區",
    "lat": 23.12229,
    "lng": 120.200573
  },
  "臺南市新化區": {
    "county": "臺南市",
    "town": "新化區",
    "lat": 23.038341,
    "lng": 120.342144
  },
  "臺南市新市區": {
    "county": "臺南市",
    "town": "新市區",
    "lat": 23.083047,
    "lng": 120.29065
  },
  "臺南市安定區": {
    "county": "臺南市",
    "town": "安定區",
    "lat": 23.099175,
    "lng": 120.235969
  },
  "臺南市玉井區": {
    "county": "臺南市",
    "town": "玉井區",
    "lat": 23.115352,
    "lng": 120.463783
  },
  "臺南市楠西區": {
    "county": "臺南市",
    "town": "楠西區",
    "lat": 23.173323,
    "lng": 120.515332
  },
  "臺南市南化區": {
    "county": "臺南市",
    "town": "南化區",
    "lat": 23.115404,
    "lng": 120.537472
  },
  "臺南市左鎮區": {
    "county": "臺南市",
    "town": "左鎮區",
    "lat": 23.032552,
    "lng": 120.407585
  },
  "臺南市仁德區": {
    "county": "臺南市",
    "town": "仁德區",
    "lat": 22.940175,
    "lng": 120.24318
  },
  "臺南市歸仁區": {
    "county": "臺南市",
    "town": "歸仁區",
    "lat": 22.946018,
    "lng": 120.295788
  },
  "臺南市關廟區": {
    "county": "臺南市",
    "town": "關廟區",
    "lat": 22.948301,
    "lng": 120.34235
  },
  "臺南市龍崎區": {
    "county": "臺南市",
    "town": "龍崎區",
    "lat": 22.95755,
    "lng": 120.381735
  },
  "臺南市永康區": {
    "county": "臺南市",
    "town": "永康區",
    "lat": 23.02771,
    "lng": 120.254339
  },
  "臺南市北區": {
    "county": "臺南市",
    "town": "北區",
    "lat": 23.01072,
    "lng": 120.210229
  },
  "高雄市林園區": {
    "county": "高雄市",
    "town": "林園區",
    "lat": 22.516342,
    "lng": 120.385677
  },
  "高雄市茄萣區": {
    "county": "高雄市",
    "town": "茄萣區",
    "lat": 22.881966,
    "lng": 120.199137
  },
  "高雄市永安區": {
    "county": "高雄市",
    "town": "永安區",
    "lat": 22.820529,
    "lng": 120.232285
  },
  "高雄市彌陀區": {
    "county": "高雄市",
    "town": "彌陀區",
    "lat": 22.77704,
    "lng": 120.242022
  },
  "高雄市梓官區": {
    "county": "高雄市",
    "town": "梓官區",
    "lat": 22.748423,
    "lng": 120.260046
  },
  "新北市淡水區": {
    "county": "新北市",
    "town": "淡水區",
    "lat": 25.168258,
    "lng": 121.482692
  },
  "新北市瑞芳區": {
    "county": "新北市",
    "town": "瑞芳區",
    "lat": 25.102735,
    "lng": 121.832507
  },
  "新北市林口區": {
    "county": "新北市",
    "town": "林口區",
    "lat": 25.090457,
    "lng": 121.37086
  },
  "新北市三芝區": {
    "county": "新北市",
    "town": "三芝區",
    "lat": 25.216721,
    "lng": 121.525571
  },
  "新北市八里區": {
    "county": "新北市",
    "town": "八里區",
    "lat": 25.117539,
    "lng": 121.417015
  },
  "臺中市大甲區": {
    "county": "臺中市",
    "town": "大甲區",
    "lat": 24.370036,
    "lng": 120.631167
  },
  "臺中市大安區": {
    "county": "臺中市",
    "town": "大安區",
    "lat": 24.35942,
    "lng": 120.592237
  },
  "臺南市北門區": {
    "county": "臺南市",
    "town": "北門區",
    "lat": 23.277934,
    "lng": 120.136241
  },
  "臺南市安南區": {
    "county": "臺南市",
    "town": "安南區",
    "lat": 23.052463,
    "lng": 120.166376
  },
  "桃園市蘆竹區": {
    "county": "桃園市",
    "town": "蘆竹區",
    "lat": 25.059232,
    "lng": 121.291827
  },
  "桃園市龜山區": {
    "county": "桃園市",
    "town": "龜山區",
    "lat": 25.025489,
    "lng": 121.365497
  },
  "桃園市復興區": {
    "county": "桃園市",
    "town": "復興區",
    "lat": 24.737858,
    "lng": 121.365978
  },
  "嘉義市東區": {
    "county": "嘉義市",
    "town": "東區",
    "lat": 23.48393,
    "lng": 120.469384
  },
  "嘉義市西區": {
    "county": "嘉義市",
    "town": "西區",
    "lat": 23.476874,
    "lng": 120.421434
  },
  "臺東縣達仁鄉": {
    "county": "臺東縣",
    "town": "達仁鄉",
    "lat": 22.378614,
    "lng": 120.838455
  },
  "臺東縣大武鄉": {
    "county": "臺東縣",
    "town": "大武鄉",
    "lat": 22.379571,
    "lng": 120.89056
  },
  "臺東縣關山鎮": {
    "county": "臺東縣",
    "town": "關山鎮",
    "lat": 23.03842,
    "lng": 121.176402
  },
  "臺東縣海端鄉": {
    "county": "臺東縣",
    "town": "海端鄉",
    "lat": 23.103207,
    "lng": 121.020128
  },
  "新竹市北區": {
    "county": "新竹市",
    "town": "北區",
    "lat": 24.817625,
    "lng": 120.951509
  },
  "新竹市香山區": {
    "county": "新竹市",
    "town": "香山區",
    "lat": 24.761082,
    "lng": 120.927598
  },
  "宜蘭縣礁溪鄉": {
    "county": "宜蘭縣",
    "town": "礁溪鄉",
    "lat": 24.809254,
    "lng": 121.728334
  },
  "花蓮縣玉里鎮": {
    "county": "花蓮縣",
    "town": "玉里鎮",
    "lat": 23.370718,
    "lng": 121.357024
  },
  "花蓮縣卓溪鄉": {
    "county": "花蓮縣",
    "town": "卓溪鄉",
    "lat": 23.395587,
    "lng": 121.189513
  },
  "苗栗縣頭份市": {
    "county": "苗栗縣",
    "town": "頭份市",
    "lat": 24.676809,
    "lng": 120.925355
  },
  "臺中市清水區": {
    "county": "臺中市",
    "town": "清水區",
    "lat": 24.289609,
    "lng": 120.582165
  },
  "臺南市南區": {
    "county": "臺南市",
    "town": "南區",
    "lat": 22.94671,
    "lng": 120.187394
  },
  "臺南市東區": {
    "county": "臺南市",
    "town": "東區",
    "lat": 22.980863,
    "lng": 120.233783
  },
  "臺南市安平區": {
    "county": "臺南市",
    "town": "安平區",
    "lat": 22.988707,
    "lng": 120.162113
  },
  "臺南市中西區": {
    "county": "臺南市",
    "town": "中西區",
    "lat": 22.998163,
    "lng": 120.186425
  },
  "桃園市大溪區": {
    "county": "桃園市",
    "town": "大溪區",
    "lat": 24.868969,
    "lng": 121.301637
  },
  "桃園市八德區": {
    "county": "桃園市",
    "town": "八德區",
    "lat": 24.952312,
    "lng": 121.289333
  },
  "桃園市桃園區": {
    "county": "桃園市",
    "town": "桃園區",
    "lat": 24.995152,
    "lng": 121.29819
  },
  "桃園市大園區": {
    "county": "桃園市",
    "town": "大園區",
    "lat": 25.051397,
    "lng": 121.213514
  },
  "桃園市楊梅區": {
    "county": "桃園市",
    "town": "楊梅區",
    "lat": 24.916253,
    "lng": 121.123672
  },
  "基隆市七堵區": {
    "county": "基隆市",
    "town": "七堵區",
    "lat": 25.108179,
    "lng": 121.68612
  },
  "基隆市仁愛區": {
    "county": "基隆市",
    "town": "仁愛區",
    "lat": 25.117223,
    "lng": 121.742728
  },
  "基隆市信義區": {
    "county": "基隆市",
    "town": "信義區",
    "lat": 25.124998,
    "lng": 121.773564
  },
  "基隆市中正區": {
    "county": "基隆市",
    "town": "中正區",
    "lat": 25.149013,
    "lng": 121.780302
  },
  "基隆市中山區": {
    "county": "基隆市",
    "town": "中山區",
    "lat": 25.151837,
    "lng": 121.731311
  },
  "基隆市安樂區": {
    "county": "基隆市",
    "town": "安樂區",
    "lat": 25.144955,
    "lng": 121.708659
  },
  "新北市三峽區": {
    "county": "新北市",
    "town": "三峽區",
    "lat": 24.878212,
    "lng": 121.413448
  },
  "新北市鶯歌區": {
    "county": "新北市",
    "town": "鶯歌區",
    "lat": 24.961315,
    "lng": 121.343942
  },
  "新北市中和區": {
    "county": "新北市",
    "town": "中和區",
    "lat": 24.993918,
    "lng": 121.494671
  },
  "新北市樹林區": {
    "county": "新北市",
    "town": "樹林區",
    "lat": 24.981896,
    "lng": 121.39795
  },
  "新北市深坑區": {
    "county": "新北市",
    "town": "深坑區",
    "lat": 25.011158,
    "lng": 121.620879
  },
  "新北市板橋區": {
    "county": "新北市",
    "town": "板橋區",
    "lat": 25.013664,
    "lng": 121.469232
  },
  "新北市石碇區": {
    "county": "新北市",
    "town": "石碇區",
    "lat": 24.967734,
    "lng": 121.649589
  },
  "新北市新莊區": {
    "county": "新北市",
    "town": "新莊區",
    "lat": 25.035566,
    "lng": 121.427788
  },
  "新北市泰山區": {
    "county": "新北市",
    "town": "泰山區",
    "lat": 25.058863,
    "lng": 121.407535
  },
  "新北市三重區": {
    "county": "新北市",
    "town": "三重區",
    "lat": 25.064196,
    "lng": 121.496572
  },
  "新北市雙溪區": {
    "county": "新北市",
    "town": "雙溪區",
    "lat": 24.998037,
    "lng": 121.833797
  },
  "新北市貢寮區": {
    "county": "新北市",
    "town": "貢寮區",
    "lat": 25.032411,
    "lng": 121.92008
  },
  "新北市汐止區": {
    "county": "新北市",
    "town": "汐止區",
    "lat": 25.072574,
    "lng": 121.633024
  },
  "新北市萬里區": {
    "county": "新北市",
    "town": "萬里區",
    "lat": 25.167578,
    "lng": 121.634591
  },
  "新北市金山區": {
    "county": "新北市",
    "town": "金山區",
    "lat": 25.198877,
    "lng": 121.589311
  },
  "新北市石門區": {
    "county": "新北市",
    "town": "石門區",
    "lat": 25.264125,
    "lng": 121.557073
  },
  "高雄市苓雅區": {
    "county": "高雄市",
    "town": "苓雅區",
    "lat": 22.6226,
    "lng": 120.322253
  },
  "高雄市三民區": {
    "county": "高雄市",
    "town": "三民區",
    "lat": 22.656204,
    "lng": 120.320193
  },
  "桃園市新屋區": {
    "county": "桃園市",
    "town": "新屋區",
    "lat": 24.968103,
    "lng": 121.072294
  },
  "桃園市觀音區": {
    "county": "桃園市",
    "town": "觀音區",
    "lat": 25.01911,
    "lng": 121.1106
  },
  "連江縣北竿鄉": {
    "county": "連江縣",
    "town": "北竿鄉",
    "lat": 26.246818,
    "lng": 120.014024
  },
  "連江縣東引鄉": {
    "county": "連江縣",
    "town": "東引鄉",
    "lat": 26.370683,
    "lng": 120.488382
  },
  "金門縣烈嶼鄉": {
    "county": "金門縣",
    "town": "烈嶼鄉",
    "lat": 24.418819,
    "lng": 118.221814
  },
  "高雄市旗津區": {
    "county": "高雄市",
    "town": "旗津區",
    "lat": 22.589471,
    "lng": 120.286793
  },
  "臺東縣長濱鄉": {
    "county": "臺東縣",
    "town": "長濱鄉",
    "lat": 23.324951,
    "lng": 121.42215
  },
  "花蓮縣豐濱鄉": {
    "county": "花蓮縣",
    "town": "豐濱鄉",
    "lat": 23.58812,
    "lng": 121.496158
  },
  "臺中市霧峰區": {
    "county": "臺中市",
    "town": "霧峰區",
    "lat": 24.057827,
    "lng": 120.737643
  },
  "臺中市大里區": {
    "county": "臺中市",
    "town": "大里區",
    "lat": 24.099008,
    "lng": 120.709811
  },
  "臺中市南區": {
    "county": "臺中市",
    "town": "南區",
    "lat": 24.119227,
    "lng": 120.665638
  },
  "臺中市烏日區": {
    "county": "臺中市",
    "town": "烏日區",
    "lat": 24.083815,
    "lng": 120.632035
  },
  "臺中市中區": {
    "county": "臺中市",
    "town": "中區",
    "lat": 24.140894,
    "lng": 120.682992
  },
  "臺中市西區": {
    "county": "臺中市",
    "town": "西區",
    "lat": 24.147692,
    "lng": 120.663431
  },
  "臺中市南屯區": {
    "county": "臺中市",
    "town": "南屯區",
    "lat": 24.143813,
    "lng": 120.616627
  },
  "臺中市北區": {
    "county": "臺中市",
    "town": "北區",
    "lat": 24.153367,
    "lng": 120.684987
  },
  "臺中市西屯區": {
    "county": "臺中市",
    "town": "西屯區",
    "lat": 24.182215,
    "lng": 120.627593
  },
  "臺中市北屯區": {
    "county": "臺中市",
    "town": "北屯區",
    "lat": 24.178931,
    "lng": 120.739778
  },
  "臺中市潭子區": {
    "county": "臺中市",
    "town": "潭子區",
    "lat": 24.210449,
    "lng": 120.708855
  },
  "臺北市信義區": {
    "county": "臺北市",
    "town": "信義區",
    "lat": 25.023785,
    "lng": 121.56766
  },
  "臺北市萬華區": {
    "county": "臺北市",
    "town": "萬華區",
    "lat": 25.027216,
    "lng": 121.494583
  },
  "臺北市中正區": {
    "county": "臺北市",
    "town": "中正區",
    "lat": 25.02091,
    "lng": 121.523911
  },
  "臺北市南港區": {
    "county": "臺北市",
    "town": "南港區",
    "lat": 25.030636,
    "lng": 121.628494
  },
  "臺北市松山區": {
    "county": "臺北市",
    "town": "松山區",
    "lat": 25.057869,
    "lng": 121.559338
  },
  "臺北市大同區": {
    "county": "臺北市",
    "town": "大同區",
    "lat": 25.064035,
    "lng": 121.508044
  },
  "臺北市中山區": {
    "county": "臺北市",
    "town": "中山區",
    "lat": 25.07105,
    "lng": 121.541764
  },
  "臺北市內湖區": {
    "county": "臺北市",
    "town": "內湖區",
    "lat": 25.088013,
    "lng": 121.610094
  },
  "臺北市士林區": {
    "county": "臺北市",
    "town": "士林區",
    "lat": 25.133585,
    "lng": 121.549819
  },
  "臺北市北投區": {
    "county": "臺北市",
    "town": "北投區",
    "lat": 25.166155,
    "lng": 121.517083
  },
  "花蓮縣花蓮市": {
    "county": "花蓮縣",
    "town": "花蓮市",
    "lat": 23.998119,
    "lng": 121.600945
  },
  "花蓮縣新城鄉": {
    "county": "花蓮縣",
    "town": "新城鄉",
    "lat": 24.062177,
    "lng": 121.613778
  },
  "臺南市善化區": {
    "county": "臺南市",
    "town": "善化區",
    "lat": 23.128249,
    "lng": 120.290672
  },
  "臺南市山上區": {
    "county": "臺南市",
    "town": "山上區",
    "lat": 23.09489,
    "lng": 120.373677
  },
  "彰化縣北斗鎮": {
    "county": "彰化縣",
    "town": "北斗鎮",
    "lat": 23.866053,
    "lng": 120.533939
  },
  "彰化縣田尾鄉": {
    "county": "彰化縣",
    "town": "田尾鄉",
    "lat": 23.899658,
    "lng": 120.526858
  },
  "金門縣金城鎮": {
    "county": "金門縣",
    "town": "金城鎮",
    "lat": 24.413126,
    "lng": 118.312587
  },
  "金門縣金沙鎮": {
    "county": "金門縣",
    "town": "金沙鎮",
    "lat": 24.492473,
    "lng": 118.423913
  },
  "金門縣金湖鎮": {
    "county": "金門縣",
    "town": "金湖鎮",
    "lat": 24.43659,
    "lng": 118.425671
  },
  "臺南市柳營區": {
    "county": "臺南市",
    "town": "柳營區",
    "lat": 23.265666,
    "lng": 120.356639
  },
  "臺南市東山區": {
    "county": "臺南市",
    "town": "東山區",
    "lat": 23.286065,
    "lng": 120.431115
  },
  "臺南市七股區": {
    "county": "臺南市",
    "town": "七股區",
    "lat": 23.132948,
    "lng": 120.109523
  },
  "臺南市將軍區": {
    "county": "臺南市",
    "town": "將軍區",
    "lat": 23.204766,
    "lng": 120.123858
  },
  "高雄市鼓山區": {
    "county": "高雄市",
    "town": "鼓山區",
    "lat": 22.645232,
    "lng": 120.274918
  },
  "高雄市左營區": {
    "county": "高雄市",
    "town": "左營區",
    "lat": 22.682266,
    "lng": 120.292526
  },
  "臺東縣金峰鄉": {
    "county": "臺東縣",
    "town": "金峰鄉",
    "lat": 22.598846,
    "lng": 120.894031
  },
  "臺東縣太麻里鄉": {
    "county": "臺東縣",
    "town": "太麻里鄉",
    "lat": 22.591723,
    "lng": 120.975377
  },
  "桃園市中壢區": {
    "county": "桃園市",
    "town": "中壢區",
    "lat": 24.985917,
    "lng": 121.211701
  },
  "新竹市東區": {
    "county": "新竹市",
    "town": "東區",
    "lat": 24.783546,
    "lng": 120.988759
  },
  "新竹縣寶山鄉": {
    "county": "新竹縣",
    "town": "寶山鄉",
    "lat": 24.733869,
    "lng": 120.999072
  },
  "屏東縣恆春鎮": {
    "county": "屏東縣",
    "town": "恆春鎮",
    "lat": 21.981986,
    "lng": 120.773083
  },
  "臺中市東區": {
    "county": "臺中市",
    "town": "東區",
    "lat": 24.139245,
    "lng": 120.693522
  },
  "臺中市太平區": {
    "county": "臺中市",
    "town": "太平區",
    "lat": 24.104296,
    "lng": 120.783748
  },
  "花蓮縣萬榮鄉": {
    "county": "花蓮縣",
    "town": "萬榮鄉",
    "lat": 23.692763,
    "lng": 121.3206
  },
  "花蓮縣鳳林鎮": {
    "county": "花蓮縣",
    "town": "鳳林鎮",
    "lat": 23.74534,
    "lng": 121.467366
  },
  "桃園市平鎮區": {
    "county": "桃園市",
    "town": "平鎮區",
    "lat": 24.919994,
    "lng": 121.216541
  },
  "桃園市龍潭區": {
    "county": "桃園市",
    "town": "龍潭區",
    "lat": 24.85531,
    "lng": 121.209406
  }
}